top_k,accuracy,robustness
1,0.74,0.7185078973503853
3,0.84,0.8023595847258886
5,0.92,0.8574014215696016
7,0.86,0.8194310790141611
10,0.88,0.8177101306352985
